Nome,Email,Telefone
Ronny Treutel,carolee@bogisich.test,(942) 195 7448
Lela Krajcik,lissette@mraz.example,237 449 5372
Leeanna Emard,kristel@hane.example,515.432.2161
Edwin McClure,alfredo.rutherford@corkery.test,832-798-8550
Arleen Smith,maribeth_becker@kihn.test,256 048 1575
Christoper Kris,kris@fisher.test,234-335-4936
Vi Bogan,marta@hane.example,287-107-2798
Simone Mueller,coral@feil.test,199.552.9320
Candelaria Mayer,lewis@denesik-kohler.test,325 823 7142
Sophie Greenholt,demetria@gerhold.test,6932207735
Tyrell Stokes,dulcie.jacobs@kovacek.example,442.045.0649
Jasper Beer,sheila.bechtelar@watsica.example,201-739-7369
Temeka Lockman,jonah.runte@abernathy-huels.test,604.669.3646
Titus Dare,hilde_marvin@lockman-sporer.test,565 987 8734
Sen. Harold Adams,cindi.roberts@kling-cronin.example,(632) 279-9362
Xuan Veum,cari@jaskolski.test,455.209.4168
Vicente O'Kon,andreas@wuckert-heaney.test,(352) 586 2619
Clark Mraz DO,charita.ruecker@mccullough.test,4026013613
Anna Trantow,tennille_turner@willms-dibbert.test,828.605.3023
Karin Dare,sharie@smith.example,(948) 555-0496
